{
  "images": [
    {
      "scale": "1x",
      "size": "1024x1024",
      "idiom": "ios-marketing",
      "filename": "Icon10241.jpg"
    },
    {
      "scale": "2x",
      "size": "20x20",
      "idiom": "iphone",
      "filename": "Icon-403.png"
    },
    {
      "scale": "3x",
      "size": "20x20",
      "idiom": "iphone",
      "filename": "Icon-601.png"
    },
    {
      "scale": "2x",
      "size": "29x29",
      "idiom": "iphone",
      "filename": "Icon-582.png"
    },
    {
      "scale": "3x",
      "size": "29x29",
      "idiom": "iphone",
      "filename": "Icon-871.png"
    },
    {
      "scale": "2x",
      "size": "40x40",
      "idiom": "iphone",
      "filename": "Icon-802.png"
    },
    {
      "scale": "3x",
      "size": "40x40",
      "idiom": "iphone",
      "filename": "Icon-1202.png"
    },
    {
      "scale": "2x",
      "size": "60x60",
      "idiom": "iphone",
      "filename": "Icon-1203.png"
    },
    {
      "scale": "3x",
      "size": "60x60",
      "idiom": "iphone",
      "filename": "Icon-1801.png"
    },
    {
      "scale": "1x",
      "size": "20x20",
      "idiom": "ipad",
      "filename": "Icon-201.png"
    },
    {
      "scale": "2x",
      "size": "20x20",
      "idiom": "ipad",
      "filename": "Icon-404.png"
    },
    {
      "scale": "1x",
      "size": "29x29",
      "idiom": "ipad",
      "filename": "Icon-291.png"
    },
    {
      "scale": "2x",
      "size": "29x29",
      "idiom": "ipad",
      "filename": "Icon-583.png"
    },
    {
      "scale": "1x",
      "size": "40x40",
      "idiom": "ipad",
      "filename": "Icon-405.png"
    },
    {
      "scale": "2x",
      "size": "40x40",
      "idiom": "ipad",
      "filename": "Icon-803.png"
    },
    {
      "scale": "1x",
      "size": "76x76",
      "idiom": "ipad",
      "filename": "Icon-761.png"
    },
    {
      "scale": "2x",
      "size": "76x76",
      "idiom": "ipad",
      "filename": "Icon-1521.png"
    },
    {
      "scale": "2x",
      "size": "83.5x83.5",
      "idiom": "ipad",
      "filename": "Icon-1671.png"
    }
  ],
  "properties": {},
  "info": {
    "version": 1,
    "author": "xcode"
  }
}